Stage,Scenario,Value
1,1,7685.281820646
1,2,4017.227037397
1,3,6955.388922177
1,4,1950.406282944
2,1,0
2,2,0
2,3,0
2,4,0
