Scenario,ObjectiveValue
1,8901405.276858512
2,4141834.67698702
3,7113275.186002186
4,3942714.982470508
